Images,first_air_date,Genres,TV Show Choice,TV Show Link,Episode Choice,Episode Embed Content,TMDB ID,in_production,last_air_date,Title,next_episode_to_air,number_of_episodes,number_of_seasons,original_language,original_name,overview,popularity,Season 1 name,Season 1 image,Season 1 description,Season 1 position,Season 1 number,Season 1 IMDB ID,Season 1 TMDB ID,Season 1 year,Season 2 name,Season 2 image,Season 2 description,Season 2 position,Season 2 number,Season 2 IMDB ID,Season 2 TMDB ID,Season 2 year,Season 3 name,Season 3 image,Season 3 description,Season 3 position,Season 3 number,Season 3 IMDB ID,Season 3 TMDB ID,Season 3 year,Season 4 name,Season 4 image,Season 4 description,Season 4 position,Season 4 number,Season 4 IMDB ID,Season 4 TMDB ID,Season 4 year,Season 5 name,Season 5 image,Season 5 description,Season 5 position,Season 5 number,Season 5 IMDB ID,Season 5 TMDB ID,Season 5 year,Season 6 name,Season 6 image,Season 6 description,Season 6 position,Season 6 number,Season 6 IMDB ID,Season 6 TMDB ID,Season 6 year,tv_show_status,tv_show_type,vote_average,vote_count,Cast 1 Person IMDB ID,Cast 1 Person TMDB ID,Cast 1 Person Name,Cast 1 Person Images,Cast 1 Person Category,Cast 1 Person Character,Cast 1 Position,Cast 2 Person IMDB ID,Cast 2 Person TMDB ID,Cast 2 Person Name,Cast 2 Person Images,Cast 2 Person Category,Cast 2 Person Character,Cast 2 Position,Cast 3 Person IMDB ID,Cast 3 Person TMDB ID,Cast 3 Person Name,Cast 3 Person Images,Cast 3 Person Category,Cast 3 Person Character,Cast 3 Position,Cast 4 Person IMDB ID,Cast 4 Person TMDB ID,Cast 4 Person Name,Cast 4 Person Images,Cast 4 Person Category,Cast 4 Person Character,Cast 4 Position,Cast 5 Person IMDB ID,Cast 5 Person TMDB ID,Cast 5 Person Name,Cast 5 Person Images,Cast 5 Person Category,Cast 5 Person Character,Cast 5 Position,Cast 6 Person IMDB ID,Cast 6 Person TMDB ID,Cast 6 Person Name,Cast 6 Person Images,Cast 6 Person Category,Cast 6 Person Character,Cast 6 Position,Cast 7 Person IMDB ID,Cast 7 Person TMDB ID,Cast 7 Person Name,Cast 7 Person Images,Cast 7 Person Category,Cast 7 Person Character,Cast 7 Position,Cast 8 Person IMDB ID,Cast 8 Person TMDB ID,Cast 8 Person Name,Cast 8 Person Images,Cast 8 Person Category,Cast 8 Person Character,Cast 8 Position,Cast 9 Person IMDB ID,Cast 9 Person TMDB ID,Cast 9 Person Name,Cast 9 Person Images,Cast 9 Person Category,Cast 9 Person Character,Cast 9 Position,Cast 10 Person IMDB ID,Cast 10 Person TMDB ID,Cast 10 Person Name,Cast 10 Person Images,Cast 10 Person Category,Cast 10 Person Character,Cast 10 Position,Cast 11 Person IMDB ID,Cast 11 Person TMDB ID,Cast 11 Person Name,Cast 11 Person Images,Cast 11 Person Category,Cast 11 Person Character,Cast 11 Position,Cast 12 Person IMDB ID,Cast 12 Person TMDB ID,Cast 12 Person Name,Cast 12 Person Images,Cast 12 Person Category,Cast 12 Person Character,Cast 12 Position,Cast 13 Person IMDB ID,Cast 13 Person TMDB ID,Cast 13 Person Name,Cast 13 Person Images,Cast 13 Person Category,Cast 13 Person Character,Cast 13 Position,Cast 14 Person IMDB ID,Cast 14 Person TMDB ID,Cast 14 Person Name,Cast 14 Person Images,Cast 14 Person Category,Cast 14 Person Character,Cast 14 Position,Cast 15 Person IMDB ID,Cast 15 Person TMDB ID,Cast 15 Person Name,Cast 15 Person Images,Cast 15 Person Category,Cast 15 Person Character,Cast 15 Position,Crew 1 Person IMDB ID,Crew 1 Person TMDB ID,Crew 1 Person Name,Crew 1 Person Images,Crew 1 Person Category,Crew 1 Person Job,Crew 1 Position,Crew 2 Person IMDB ID,Crew 2 Person TMDB ID,Crew 2 Person Name,Crew 2 Person Images,Crew 2 Person Category,Crew 2 Person Job,Crew 2 Position,Crew 3 Person IMDB ID,Crew 3 Person TMDB ID,Crew 3 Person Name,Crew 3 Person Images,Crew 3 Person Category,Crew 3 Person Job,Crew 3 Position,type,Episode Release Date,Episode Number,Description,production_code,season_number,show_id,Parent TV Show,Parent Season
,2013-03-03,"Action & Adventure,Drama",tv_show_url,http://www.history.com/shows/vikings,,,44217,1,2019-01-30,Vikings,,69,5,en,Vikings,,70.867,Specials,,,0,0,,53335,2013-02-25,Season 1,,,1,1,,53334,2013-03-03,Season 2,,,2,2,,53336,2014-02-27,Season 3,,,3,3,,64422,2015-02-19,Season 4,,,4,4,,72979,2016-02-18,Season 5,,,5,5,,88459,2017-11-29,Returning Series,Scripted,7.4,1682,,1539216,Ferdia Walsh-Peelo,,Acting,Alfred the Great,8,,23498,Alexander Ludwig,,Acting,Bjorn Lothbrok,1,,26723,Katheryn Winnick,,Acting,Lagertha Lothbrok,5,,82857,Jasper Pääkkönen,,Acting,Halfdan the Black,11,,11263,Peter Franzén,,Acting,King Harald Finehair,6,,1288730,Moe Dunford,,Acting,Aethelwulf,12,,1244,Jonathan Rhys Meyers,,Acting,Bishop Heahmund,7,,63764,Gustaf Skarsgård,,Acting,Floki,2,,1609347,Alex Høgh Andersen,,Acting,Ivar,9,,126173,Jennie Jacques,,Acting,Judith,10,,1394429,Jordan Patrick Smith,,Acting,Ubbe Lothbrok,3,,1003086,Josefin Asplund,,Acting,Astrid,14,,1515182,Ida Marie Nielsen,,Acting,Margrethe,13,,1372317,Marco Ilsø,,Acting,Hvitserk Lothbrok,4,,2074237,Georgia Hirst,,Acting,Torvi,9,,64156,Trevor Morris,,Sound,Music,1,,37631,Michael Hirst,,Production,Executive Producer,2,,1638878,Haris Emmanouil,,Camera,Director of Photography,3,tv_show,,,,,,,,
,,,,,episode_embed,"<iframe width=""560"" height=""315"" src=""https://www.youtube.com/embed/1j2sXLbzm9U"" frameborder=""0"" allow=""accelerometer; autoplay; encrypted-media; gyroscope; picture-in-picture"" allowfullscreen></iframe>",892441,,,Episode 1,,,,,,,,,,,,,,,,,,,,,,,,,,,,,,,,,,,,,,,,,,,,,,,,,,,,,,,,,,4.5,2,,,,,,,,,,,,,,,,,,,,,,,,,,,,,,,,,,,,,,,,,,,,,,,,,,,,,,,,,,,,,,,,,,,,,,,,,,,,,,,,,,,,,,,,,,,,,,,,,,,,,,,,,,,,,,,,,,,,,,,,,,,,,,,episode,2013-02-25,1,,,0,44217,Vikings,Specials
,,,,,episode_embed,"<iframe width=""560"" height=""315"" src=""https://www.youtube.com/embed/1j2sXLbzm9U"" frameborder=""0"" allow=""accelerometer; autoplay; encrypted-media; gyroscope; picture-in-picture"" allowfullscreen></iframe>",1089768,,,Episode 2,,,,,,,,,,,,,,,,,,,,,,,,,,,,,,,,,,,,,,,,,,,,,,,,,,,,,,,,,,10,1,,,,,,,,,,,,,,,,,,,,,,,,,,,,,,,,,,,,,,,,,,,,,,,,,,,,,,,,,,,,,,,,,,,,,,,,,,,,,,,,,,,,,,,,,,,,,,,,,,,,,,,,,,,,,,,,,,,,,,,,,,,,,,,episode,2015-03-26,2,,,0,44217,Vikings,Specials
,,,,,episode_embed,"<iframe width=""560"" height=""315"" src=""https://www.youtube.com/embed/1j2sXLbzm9U"" frameborder=""0"" allow=""accelerometer; autoplay; encrypted-media; gyroscope; picture-in-picture"" allowfullscreen></iframe>",1628204,,,Episode 3,,,,,,,,,,,,,,,,,,,,,,,,,,,,,,,,,,,,,,,,,,,,,,,,,,,,,,,,,,0,0,,,,,,,,,,,,,,,,,,,,,,,,,,,,,,,,,,,,,,,,,,,,,,,,,,,,,,,,,,,,,,,,,,,,,,,,,,,,,,,,,,,,,,,,,,,,,,,,,,,,,,,,,,,,,,,,,,,,,,,,,,,,,,,episode,2016-11-30,3,,,0,44217,Vikings,Specials
,,,,,episode_embed,"<iframe width=""560"" height=""315"" src=""https://www.youtube.com/embed/1j2sXLbzm9U"" frameborder=""0"" allow=""accelerometer; autoplay; encrypted-media; gyroscope; picture-in-picture"" allowfullscreen></iframe>",1534093,,,Episode 4,,,,,,,,,,,,,,,,,,,,,,,,,,,,,,,,,,,,,,,,,,,,,,,,,,,,,,,,,,0,0,,,,,,,,,,,,,,,,,,,,,,,,,,,,,,,,,,,,,,,,,,,,,,,,,,,,,,,,,,,,,,,,,,,,,,,,,,,,,,,,,,,,,,,,,,,,,,,,,,,,,,,,,,,,,,,,,,,,,,,,,,,,,,,episode,2017-11-29,4,,,0,44217,Vikings,Specials
,,,,,episode_embed,"<iframe width=""560"" height=""315"" src=""https://www.youtube.com/embed/1j2sXLbzm9U"" frameborder=""0"" allow=""accelerometer; autoplay; encrypted-media; gyroscope; picture-in-picture"" allowfullscreen></iframe>",1511469,,,Episode 5,,,,,,,,,,,,,,,,,,,,,,,,,,,,,,,,,,,,,,,,,,,,,,,,,,,,,,,,,,0,0,,,,,,,,,,,,,,,,,,,,,,,,,,,,,,,,,,,,,,,,,,,,,,,,,,,,,,,,,,,,,,,,,,,,,,,,,,,,,,,,,,,,,,,,,,,,,,,,,,,,,,,,,,,,,,,,,,,,,,,,,,,,,,,episode,2017-11-29,5,,,0,44217,Vikings,Specials
,,,,,episode_embed,"<iframe width=""560"" height=""315"" src=""https://www.youtube.com/embed/1j2sXLbzm9U"" frameborder=""0"" allow=""accelerometer; autoplay; encrypted-media; gyroscope; picture-in-picture"" allowfullscreen></iframe>",1630113,,,Episode 6,,,,,,,,,,,,,,,,,,,,,,,,,,,,,,,,,,,,,,,,,,,,,,,,,,,,,,,,,,0,0,,,,,,,,,,,,,,,,,,,,,,,,,,,,,,,,,,,,,,,,,,,,,,,,,,,,,,,,,,,,,,,,,,,,,,,,,,,,,,,,,,,,,,,,,,,,,,,,,,,,,,,,,,,,,,,,,,,,,,,,,,,,,,,episode,2018-11-28,6,,,0,44217,Vikings,Specials
,,,,,episode_embed,"<iframe width=""560"" height=""315"" src=""https://www.youtube.com/embed/1j2sXLbzm9U"" frameborder=""0"" allow=""accelerometer; autoplay; encrypted-media; gyroscope; picture-in-picture"" allowfullscreen></iframe>",892432,,,Rites of Passage,,,,,,,,,,,,,,,,,,,,,,,,,,,,,,,,,,,,,,,,,,,,,,,,,,,,,,,,,,7.446,28,,,,,,,,,,,,,,,,,,,,,,,,,,,,,,,,,,,,,,,,,,,,,,,,,,,,,,,,,,,,,,,,,,,,,,,,,,,,,,,,,,,,,,,,,,,,,,,,,,,,,,,,,,,,,,,,,,,,,,,,,,,,,,,episode,2013-03-03,1,Ragnar Lothbrok is a warrior and a farmer who dreams of finding riches by bucking the tradition.,,1,44217,Vikings,Season 1
,,,,,episode_embed,"<iframe width=""560"" height=""315"" src=""https://www.youtube.com/embed/1j2sXLbzm9U"" frameborder=""0"" allow=""accelerometer; autoplay; encrypted-media; gyroscope; picture-in-picture"" allowfullscreen></iframe>",892434,,,Episode 2,,,,,,,,,,,,,,,,,,,,,,,,,,,,,,,,,,,,,,,,,,,,,,,,,,,,,,,,,,6.121,29,,,,,,,,,,,,,,,,,,,,,,,,,,,,,,,,,,,,,,,,,,,,,,,,,,,,,,,,,,,,,,,,,,,,,,,,,,,,,,,,,,,,,,,,,,,,,,,,,,,,,,,,,,,,,,,,,,,,,,,,,,,,,,,episode,2013-03-10,2,,,1,44217,Vikings,Season 1
,,,,,episode_embed,"<iframe width=""560"" height=""315"" src=""https://www.youtube.com/embed/1j2sXLbzm9U"" frameborder=""0"" allow=""accelerometer; autoplay; encrypted-media; gyroscope; picture-in-picture"" allowfullscreen></iframe>",892433,,,Dispossessed,,,,,,,,,,,,,,,,,,,,,,,,,,,,,,,,,,,,,,,,,,,,,,,,,,,,,,,,,,7.889,18,,,,,,,,,,,,,,,,,,,,,,,,,,,,,,,,,,,,,,,,,,,,,,,,,,,,,,,,,,,,,,,,,,,,,,,,,,,,,,,,,,,,,,,,,,,,,,,,,,,,,,,,,,,,,,,,,,,,,,,,,,,,,,,episode,2013-03-17,3,"Ragnar and his crew return from their trip with treasure, and Earl Haraldson has no choice but to sanction another raid. The west is open for the taking, and the Vikings' world will never be the same.",,1,44217,Vikings,Season 1
,,,,,episode_embed,"<iframe width=""560"" height=""315"" src=""https://www.youtube.com/embed/1j2sXLbzm9U"" frameborder=""0"" allow=""accelerometer; autoplay; encrypted-media; gyroscope; picture-in-picture"" allowfullscreen></iframe>",892435,,,Episode 4,,,,,,,,,,,,,,,,,,,,,,,,,,,,,,,,,,,,,,,,,,,,,,,,,,,,,,,,,,6.675,20,,,,,,,,,,,,,,,,,,,,,,,,,,,,,,,,,,,,,,,,,,,,,,,,,,,,,,,,,,,,,,,,,,,,,,,,,,,,,,,,,,,,,,,,,,,,,,,,,,,,,,,,,,,,,,,,,,,,,,,,,,,,,,,episode,2013-03-24,4,,,1,44217,Vikings,Season 1
,,,,,episode_embed,"<iframe width=""560"" height=""315"" src=""https://www.youtube.com/embed/1j2sXLbzm9U"" frameborder=""0"" allow=""accelerometer; autoplay; encrypted-media; gyroscope; picture-in-picture"" allowfullscreen></iframe>",892436,,,Raid,,,,,,,,,,,,,,,,,,,,,,,,,,,,,,,,,,,,,,,,,,,,,,,,,,,,,,,,,,7.528,18,,,,,,,,,,,,,,,,,,,,,,,,,,,,,,,,,,,,,,,,,,,,,,,,,,,,,,,,,,,,,,,,,,,,,,,,,,,,,,,,,,,,,,,,,,,,,,,,,,,,,,,,,,,,,,,,,,,,,,,,,,,,,,,episode,2013-03-31,5,A seer reads Earl Haraldson's future and tells him that Ragnar searches for his death.,,1,44217,Vikings,Season 1
,,,,,episode_embed,"<iframe width=""560"" height=""315"" src=""https://www.youtube.com/embed/1j2sXLbzm9U"" frameborder=""0"" allow=""accelerometer; autoplay; encrypted-media; gyroscope; picture-in-picture"" allowfullscreen></iframe>",892437,,,Burial of the Dead,,,,,,,,,,,,,,,,,,,,,,,,,,,,,,,,,,,,,,,,,,,,,,,,,,,,,,,,,,8.094,16,,,,,,,,,,,,,,,,,,,,,,,,,,,,,,,,,,,,,,,,,,,,,,,,,,,,,,,,,,,,,,,,,,,,,,,,,,,,,,,,,,,,,,,,,,,,,,,,,,,,,,,,,,,,,,,,,,,,,,,,,,,,,,,episode,2013-04-07,6,"Ragnar, weak and still hurt, must meet the Earl head-on after it comes to light that Rollo has been tortured on Haraldson’s orders. The two men will come together face to face with a single outcome possible: Only one man will leave this fight alive.",,1,44217,Vikings,Season 1
,,,,,episode_embed,"<iframe width=""560"" height=""315"" src=""https://www.youtube.com/embed/1j2sXLbzm9U"" frameborder=""0"" allow=""accelerometer; autoplay; encrypted-media; gyroscope; picture-in-picture"" allowfullscreen></iframe>",892438,,,A King's Ransom,,,,,,,,,,,,,,,,,,,,,,,,,,,,,,,,,,,,,,,,,,,,,,,,,,,,,,,,,,8.031,16,,,,,,,,,,,,,,,,,,,,,,,,,,,,,,,,,,,,,,,,,,,,,,,,,,,,,,,,,,,,,,,,,,,,,,,,,,,,,,,,,,,,,,,,,,,,,,,,,,,,,,,,,,,,,,,,,,,,,,,,,,,,,,,episode,2013-04-14,7,"Three Viking ships sail toward the Royal Villa of King Aelle in eastern England. Ragnar wants ransom in exchange for peace, but the king has a very different plan in mind.",,1,44217,Vikings,Season 1
,,,,,episode_embed,"<iframe width=""560"" height=""315"" src=""https://www.youtube.com/embed/1j2sXLbzm9U"" frameborder=""0"" allow=""accelerometer; autoplay; encrypted-media; gyroscope; picture-in-picture"" allowfullscreen></iframe>",892439,,,Sacrifice,,,,,,,,,,,,,,,,,,,,,,,,,,,,,,,,,,,,,,,,,,,,,,,,,,,,,,,,,,7,16,,,,,,,,,,,,,,,,,,,,,,,,,,,,,,,,,,,,,,,,,,,,,,,,,,,,,,,,,,,,,,,,,,,,,,,,,,,,,,,,,,,,,,,,,,,,,,,,,,,,,,,,,,,,,,,,,,,,,,,,,,,,,,,episode,2013-04-21,8,"The traditional pilgrimage to Uppsala to thank the gods brings a torrent of emotions for Ragnar, Lagertha, and Athelstan. Ragnar, pulling farther away from his wife goes to make peace with the death of his unborn son. Lagertha, still reeling from her miscarriage, wants to find out from the gods if more sons are in her future. As the Vikings come together to sacrifice and give thanks to their gods, Athelstan discovers just how strong his Christian faith still is.",,1,44217,Vikings,Season 1
,,,,,episode_embed,"<iframe width=""560"" height=""315"" src=""https://www.youtube.com/embed/1j2sXLbzm9U"" frameborder=""0"" allow=""accelerometer; autoplay; encrypted-media; gyroscope; picture-in-picture"" allowfullscreen></iframe>",892440,,,All Change,,,,,,,,,,,,,,,,,,,,,,,,,,,,,,,,,,,,,,,,,,,,,,,,,,,,,,,,,,7.5,14,,,,,,,,,,,,,,,,,,,,,,,,,,,,,,,,,,,,,,,,,,,,,,,,,,,,,,,,,,,,,,,,,,,,,,,,,,,,,,,,,,,,,,,,,,,,,,,,,,,,,,,,,,,,,,,,,,,,,,,,,,,,,,,episode,2013-04-28,9,"Ragnar travels to Götaland to help King Horik resolve a land dispute with the area's leader, Jarl Borg. Meanwhile, sickness infects the village of Kattegat, and the people look to Lagertha to help them appease the gods.",,1,44217,Vikings,Season 1
,,,,,episode_embed,"<iframe width=""560"" height=""315"" src=""https://www.youtube.com/embed/1j2sXLbzm9U"" frameborder=""0"" allow=""accelerometer; autoplay; encrypted-media; gyroscope; picture-in-picture"" allowfullscreen></iframe>",970845,,,Episode 1,,,,,,,,,,,,,,,,,,,,,,,,,,,,,,,,,,,,,,,,,,,,,,,,,,,,,,,,,,8.333,9,,,,,,,,,,,,,,,,,,,,,,,,,,,,,,,,,,,,,,,,,,,,,,,,,,,,,,,,,,,,,,,,,,,,,,,,,,,,,,,,,,,,,,,,,,,,,,,,,,,,,,,,,,,,,,,,,,,,,,,,,,,,,,,episode,2014-02-27,1,,,2,44217,Vikings,Season 2
,,,,,episode_embed,"<iframe width=""560"" height=""315"" src=""https://www.youtube.com/embed/1j2sXLbzm9U"" frameborder=""0"" allow=""accelerometer; autoplay; encrypted-media; gyroscope; picture-in-picture"" allowfullscreen></iframe>",972579,,,Invasion,,,,,,,,,,,,,,,,,,,,,,,,,,,,,,,,,,,,,,,,,,,,,,,,,,,,,,,,,,7.955,11,,,,,,,,,,,,,,,,,,,,,,,,,,,,,,,,,,,,,,,,,,,,,,,,,,,,,,,,,,,,,,,,,,,,,,,,,,,,,,,,,,,,,,,,,,,,,,,,,,,,,,,,,,,,,,,,,,,,,,,,,,,,,,,episode,2014-03-06,2,The time has come for an unlikely alliance to band together for a new raid on England; a storm pushes the Viking fleet to a new destination; Ragnar and his men may have met their match.,,2,44217,Vikings,Season 2
,,,,,episode_embed,"<iframe width=""560"" height=""315"" src=""https://www.youtube.com/embed/1j2sXLbzm9U"" frameborder=""0"" allow=""accelerometer; autoplay; encrypted-media; gyroscope; picture-in-picture"" allowfullscreen></iframe>",972833,,,Episode 3,,,,,,,,,,,,,,,,,,,,,,,,,,,,,,,,,,,,,,,,,,,,,,,,,,,,,,,,,,7.688,8,,,,,,,,,,,,,,,,,,,,,,,,,,,,,,,,,,,,,,,,,,,,,,,,,,,,,,,,,,,,,,,,,,,,,,,,,,,,,,,,,,,,,,,,,,,,,,,,,,,,,,,,,,,,,,,,,,,,,,,,,,,,,,,episode,2014-03-13,3,,,2,44217,Vikings,Season 2
,,,,,episode_embed,"<iframe width=""560"" height=""315"" src=""https://www.youtube.com/embed/1j2sXLbzm9U"" frameborder=""0"" allow=""accelerometer; autoplay; encrypted-media; gyroscope; picture-in-picture"" allowfullscreen></iframe>",973162,,,Eye for an Eye,,,,,,,,,,,,,,,,,,,,,,,,,,,,,,,,,,,,,,,,,,,,,,,,,,,,,,,,,,8.571,7,,,,,,,,,,,,,,,,,,,,,,,,,,,,,,,,,,,,,,,,,,,,,,,,,,,,,,,,,,,,,,,,,,,,,,,,,,,,,,,,,,,,,,,,,,,,,,,,,,,,,,,,,,,,,,,,,,,,,,,,,,,,,,,episode,2014-03-20,4,Ragnar and Ecbert come face to face; Jarl Borg rules Kattegat with an iron fist; Rollo must now become the leader his people need in Ragnar's absence.,,2,44217,Vikings,Season 2
,,,,,episode_embed,"<iframe width=""560"" height=""315"" src=""https://www.youtube.com/embed/1j2sXLbzm9U"" frameborder=""0"" allow=""accelerometer; autoplay; encrypted-media; gyroscope; picture-in-picture"" allowfullscreen></iframe>",973348,,,Episode 5,,,,,,,,,,,,,,,,,,,,,,,,,,,,,,,,,,,,,,,,,,,,,,,,,,,,,,,,,,8.286,7,,,,,,,,,,,,,,,,,,,,,,,,,,,,,,,,,,,,,,,,,,,,,,,,,,,,,,,,,,,,,,,,,,,,,,,,,,,,,,,,,,,,,,,,,,,,,,,,,,,,,,,,,,,,,,,,,,,,,,,,,,,,,,,episode,2014-03-27,5,,,2,44217,Vikings,Season 2
,,,,,episode_embed,"<iframe width=""560"" height=""315"" src=""https://www.youtube.com/embed/1j2sXLbzm9U"" frameborder=""0"" allow=""accelerometer; autoplay; encrypted-media; gyroscope; picture-in-picture"" allowfullscreen></iframe>",973785,,,Unforgiven,,,,,,,,,,,,,,,,,,,,,,,,,,,,,,,,,,,,,,,,,,,,,,,,,,,,,,,,,,8.571,7,,,,,,,,,,,,,,,,,,,,,,,,,,,,,,,,,,,,,,,,,,,,,,,,,,,,,,,,,,,,,,,,,,,,,,,,,,,,,,,,,,,,,,,,,,,,,,,,,,,,,,,,,,,,,,,,,,,,,,,,,,,,,,,episode,2014-04-03,6,King Horik returns to Kattegat with a surprising proposition for Ragnar; Lagertha runs into a less than enthusiastic homecoming from her new husband; Athelstan becomes confidant to King Ecbert.,,2,44217,Vikings,Season 2
,,,,,episode_embed,"<iframe width=""560"" height=""315"" src=""https://www.youtube.com/embed/1j2sXLbzm9U"" frameborder=""0"" allow=""accelerometer; autoplay; encrypted-media; gyroscope; picture-in-picture"" allowfullscreen></iframe>",974030,,,Blood Eagle,,,,,,,,,,,,,,,,,,,,,,,,,,,,,,,,,,,,,,,,,,,,,,,,,,,,,,,,,,7.722,9,,,,,,,,,,,,,,,,,,,,,,,,,,,,,,,,,,,,,,,,,,,,,,,,,,,,,,,,,,,,,,,,,,,,,,,,,,,,,,,,,,,,,,,,,,,,,,,,,,,,,,,,,,,,,,,,,,,,,,,,,,,,,,,episode,2014-04-10,7,Ragnar and King Horik clash over how to dispense justice to Jarl Borg; King Aelle in Wessex; Ecbert has an eye on a new alliance.,,2,44217,Vikings,Season 2
,,,,,episode_embed,"<iframe width=""560"" height=""315"" src=""https://www.youtube.com/embed/1j2sXLbzm9U"" frameborder=""0"" allow=""accelerometer; autoplay; encrypted-media; gyroscope; picture-in-picture"" allowfullscreen></iframe>",974365,,,Boneless,,,,,,,,,,,,,,,,,,,,,,,,,,,,,,,,,,,,,,,,,,,,,,,,,,,,,,,,,,8.75,8,,,,,,,,,,,,,,,,,,,,,,,,,,,,,,,,,,,,,,,,,,,,,,,,,,,,,,,,,,,,,,,,,,,,,,,,,,,,,,,,,,,,,,,,,,,,,,,,,,,,,,,,,,,,,,,,,,,,,,,,,,,,,,,episode,2014-04-17,8,Princess Aslaug's latest prophecy comes to fruition as she readies to give birth once more; Ragnar and Horik have very different ideas about the true purpose of their trip to Wessex.,,2,44217,Vikings,Season 2
,,,,,episode_embed,"<iframe width=""560"" height=""315"" src=""https://www.youtube.com/embed/1j2sXLbzm9U"" frameborder=""0"" allow=""accelerometer; autoplay; encrypted-media; gyroscope; picture-in-picture"" allowfullscreen></iframe>",974631,,,The Choice,,,,,,,,,,,,,,,,,,,,,,,,,,,,,,,,,,,,,,,,,,,,,,,,,,,,,,,,,,8.714,7,,,,,,,,,,,,,,,,,,,,,,,,,,,,,,,,,,,,,,,,,,,,,,,,,,,,,,,,,,,,,,,,,,,,,,,,,,,,,,,,,,,,,,,,,,,,,,,,,,,,,,,,,,,,,,,,,,,,,,,,,,,,,,,episode,2014-04-24,9,Ragnar's warriors march on to King Ecbert's villa and are met with a surprisingly vicious welcome party.,,2,44217,Vikings,Season 2
,,,,,episode_embed,"<iframe width=""560"" height=""315"" src=""https://www.youtube.com/embed/1j2sXLbzm9U"" frameborder=""0"" allow=""accelerometer; autoplay; encrypted-media; gyroscope; picture-in-picture"" allowfullscreen></iframe>",975352,,,Episode 10,,,,,,,,,,,,,,,,,,,,,,,,,,,,,,,,,,,,,,,,,,,,,,,,,,,,,,,,,,8.6,10,,,,,,,,,,,,,,,,,,,,,,,,,,,,,,,,,,,,,,,,,,,,,,,,,,,,,,,,,,,,,,,,,,,,,,,,,,,,,,,,,,,,,,,,,,,,,,,,,,,,,,,,,,,,,,,,,,,,,,,,,,,,,,,episode,2014-05-01,10,,,2,44217,Vikings,Season 2
,,,,,episode_embed,"<iframe width=""560"" height=""315"" src=""https://www.youtube.com/embed/1j2sXLbzm9U"" frameborder=""0"" allow=""accelerometer; autoplay; encrypted-media; gyroscope; picture-in-picture"" allowfullscreen></iframe>",1034152,,,Mercenary,,,,,,,,,,,,,,,,,,,,,,,,,,,,,,,,,,,,,,,,,,,,,,,,,,,,,,,,,,7.818,11,,,,,,,,,,,,,,,,,,,,,,,,,,,,,,,,,,,,,,,,,,,,,,,,,,,,,,,,,,,,,,,,,,,,,,,,,,,,,,,,,,,,,,,,,,,,,,,,,,,,,,,,,,,,,,,,,,,,,,,,,,,,,,,episode,2015-02-19,1,Ragnar and Lagertha's fleets depart Kattegat once more for Wessex but this time they bring settlers.,,3,44217,Vikings,Season 3
,,,,,episode_embed,"<iframe width=""560"" height=""315"" src=""https://www.youtube.com/embed/1j2sXLbzm9U"" frameborder=""0"" allow=""accelerometer; autoplay; encrypted-media; gyroscope; picture-in-picture"" allowfullscreen></iframe>",1043609,,,Episode 2,,,,,,,,,,,,,,,,,,,,,,,,,,,,,,,,,,,,,,,,,,,,,,,,,,,,,,,,,,8.389,9,,,,,,,,,,,,,,,,,,,,,,,,,,,,,,,,,,,,,,,,,,,,,,,,,,,,,,,,,,,,,,,,,,,,,,,,,,,,,,,,,,,,,,,,,,,,,,,,,,,,,,,,,,,,,,,,,,,,,,,,,,,,,,,episode,2015-02-26,2,,,3,44217,Vikings,Season 3
,,,,,episode_embed,"<iframe width=""560"" height=""315"" src=""https://www.youtube.com/embed/1j2sXLbzm9U"" frameborder=""0"" allow=""accelerometer; autoplay; encrypted-media; gyroscope; picture-in-picture"" allowfullscreen></iframe>",1043610,,,Warrior's Fate,,,,,,,,,,,,,,,,,,,,,,,,,,,,,,,,,,,,,,,,,,,,,,,,,,,,,,,,,,8.625,8,,,,,,,,,,,,,,,,,,,,,,,,,,,,,,,,,,,,,,,,,,,,,,,,,,,,,,,,,,,,,,,,,,,,,,,,,,,,,,,,,,,,,,,,,,,,,,,,,,,,,,,,,,,,,,,,,,,,,,,,,,,,,,,episode,2015-03-05,3,King Ecbert visits the developing Viking settlement as the first harvest is sown.,,3,44217,Vikings,Season 3
,,,,,episode_embed,"<iframe width=""560"" height=""315"" src=""https://www.youtube.com/embed/1j2sXLbzm9U"" frameborder=""0"" allow=""accelerometer; autoplay; encrypted-media; gyroscope; picture-in-picture"" allowfullscreen></iframe>",1043611,,,Scarred,,,,,,,,,,,,,,,,,,,,,,,,,,,,,,,,,,,,,,,,,,,,,,,,,,,,,,,,,,8.2,5,,,,,,,,,,,,,,,,,,,,,,,,,,,,,,,,,,,,,,,,,,,,,,,,,,,,,,,,,,,,,,,,,,,,,,,,,,,,,,,,,,,,,,,,,,,,,,,,,,,,,,,,,,,,,,,,,,,,,,,,,,,,,,,episode,2015-03-12,4,"There is bitterness in the camp, Floki is angry over the alliance with Ecbert.",,3,44217,Vikings,Season 3
,,,,,episode_embed,"<iframe width=""560"" height=""315"" src=""https://www.youtube.com/embed/1j2sXLbzm9U"" frameborder=""0"" allow=""accelerometer; autoplay; encrypted-media; gyroscope; picture-in-picture"" allowfullscreen></iframe>",1043612,,,Episode 5,,,,,,,,,,,,,,,,,,,,,,,,,,,,,,,,,,,,,,,,,,,,,,,,,,,,,,,,,,8.4,5,,,,,,,,,,,,,,,,,,,,,,,,,,,,,,,,,,,,,,,,,,,,,,,,,,,,,,,,,,,,,,,,,,,,,,,,,,,,,,,,,,,,,,,,,,,,,,,,,,,,,,,,,,,,,,,,,,,,,,,,,,,,,,,episode,2015-03-19,5,,,3,44217,Vikings,Season 3
,,,,,episode_embed,"<iframe width=""560"" height=""315"" src=""https://www.youtube.com/embed/1j2sXLbzm9U"" frameborder=""0"" allow=""accelerometer; autoplay; encrypted-media; gyroscope; picture-in-picture"" allowfullscreen></iframe>",1043613,,,Born Again,,,,,,,,,,,,,,,,,,,,,,,,,,,,,,,,,,,,,,,,,,,,,,,,,,,,,,,,,,8.5,6,,,,,,,,,,,,,,,,,,,,,,,,,,,,,,,,,,,,,,,,,,,,,,,,,,,,,,,,,,,,,,,,,,,,,,,,,,,,,,,,,,,,,,,,,,,,,,,,,,,,,,,,,,,,,,,,,,,,,,,,,,,,,,,episode,2015-03-26,6,"Preparations for the Paris raid pick up speed, and Rollo thinks about the Seer's prophecy.",,3,44217,Vikings,Season 3
,,,,,episode_embed,"<iframe width=""560"" height=""315"" src=""https://www.youtube.com/embed/1j2sXLbzm9U"" frameborder=""0"" allow=""accelerometer; autoplay; encrypted-media; gyroscope; picture-in-picture"" allowfullscreen></iframe>",1047164,,,Episode 7,,,,,,,,,,,,,,,,,,,,,,,,,,,,,,,,,,,,,,,,,,,,,,,,,,,,,,,,,,7.25,4,,,,,,,,,,,,,,,,,,,,,,,,,,,,,,,,,,,,,,,,,,,,,,,,,,,,,,,,,,,,,,,,,,,,,,,,,,,,,,,,,,,,,,,,,,,,,,,,,,,,,,,,,,,,,,,,,,,,,,,,,,,,,,,episode,2015-04-02,7,,,3,44217,Vikings,Season 3
,,,,,episode_embed,"<iframe width=""560"" height=""315"" src=""https://www.youtube.com/embed/1j2sXLbzm9U"" frameborder=""0"" allow=""accelerometer; autoplay; encrypted-media; gyroscope; picture-in-picture"" allowfullscreen></iframe>",1047165,,,To the Gates!,,,,,,,,,,,,,,,,,,,,,,,,,,,,,,,,,,,,,,,,,,,,,,,,,,,,,,,,,,8.571,7,,,,,,,,,,,,,,,,,,,,,,,,,,,,,,,,,,,,,,,,,,,,,,,,,,,,,,,,,,,,,,,,,,,,,,,,,,,,,,,,,,,,,,,,,,,,,,,,,,,,,,,,,,,,,,,,,,,,,,,,,,,,,,,episode,2015-04-09,8,The Viking army sets out and Paris goes into lockdown as the army prepares the defense.,,3,44217,Vikings,Season 3
,,,,,episode_embed,"<iframe width=""560"" height=""315"" src=""https://www.youtube.com/embed/1j2sXLbzm9U"" frameborder=""0"" allow=""accelerometer; autoplay; encrypted-media; gyroscope; picture-in-picture"" allowfullscreen></iframe>",1047166,,,Breaking Point,,,,,,,,,,,,,,,,,,,,,,,,,,,,,,,,,,,,,,,,,,,,,,,,,,,,,,,,,,7.667,3,,,,,,,,,,,,,,,,,,,,,,,,,,,,,,,,,,,,,,,,,,,,,,,,,,,,,,,,,,,,,,,,,,,,,,,,,,,,,,,,,,,,,,,,,,,,,,,,,,,,,,,,,,,,,,,,,,,,,,,,,,,,,,,episode,2015-04-16,9,Paris is hit with a second assault. Emperor Charles needs to make a difficult decision.,,3,44217,Vikings,Season 3
,,,,,episode_embed,"<iframe width=""560"" height=""315"" src=""https://www.youtube.com/embed/1j2sXLbzm9U"" frameborder=""0"" allow=""accelerometer; autoplay; encrypted-media; gyroscope; picture-in-picture"" allowfullscreen></iframe>",1049832,,,The Dead,,,,,,,,,,,,,,,,,,,,,,,,,,,,,,,,,,,,,,,,,,,,,,,,,,,,,,,,,,7,4,,,,,,,,,,,,,,,,,,,,,,,,,,,,,,,,,,,,,,,,,,,,,,,,,,,,,,,,,,,,,,,,,,,,,,,,,,,,,,,,,,,,,,,,,,,,,,,,,,,,,,,,,,,,,,,,,,,,,,,,,,,,,,,episode,2015-04-23,10,"With one last chance to take Paris, Ragnar, and his Vikings troops take a daring chance. Ragnar asks Bjorn for a favor that could change the course of Viking history.",,3,44217,Vikings,Season 3
,,,,,episode_embed,"<iframe width=""560"" height=""315"" src=""https://www.youtube.com/embed/1j2sXLbzm9U"" frameborder=""0"" allow=""accelerometer; autoplay; encrypted-media; gyroscope; picture-in-picture"" allowfullscreen></iframe>",1149575,,,Episode 1,,,,,,,,,,,,,,,,,,,,,,,,,,,,,,,,,,,,,,,,,,,,,,,,,,,,,,,,,,6.55,10,,,,,,,,,,,,,,,,,,,,,,,,,,,,,,,,,,,,,,,,,,,,,,,,,,,,,,,,,,,,,,,,,,,,,,,,,,,,,,,,,,,,,,,,,,,,,,,,,,,,,,,,,,,,,,,,,,,,,,,,,,,,,,,episode,2016-02-18,1,,,4,44217,Vikings,Season 4
,,,,,episode_embed,"<iframe width=""560"" height=""315"" src=""https://www.youtube.com/embed/1j2sXLbzm9U"" frameborder=""0"" allow=""accelerometer; autoplay; encrypted-media; gyroscope; picture-in-picture"" allowfullscreen></iframe>",1166651,,,Episode 2,,,,,,,,,,,,,,,,,,,,,,,,,,,,,,,,,,,,,,,,,,,,,,,,,,,,,,,,,,4.083,6,,,,,,,,,,,,,,,,,,,,,,,,,,,,,,,,,,,,,,,,,,,,,,,,,,,,,,,,,,,,,,,,,,,,,,,,,,,,,,,,,,,,,,,,,,,,,,,,,,,,,,,,,,,,,,,,,,,,,,,,,,,,,,,episode,2016-02-25,2,,,4,44217,Vikings,Season 4
,,,,,episode_embed,"<iframe width=""560"" height=""315"" src=""https://www.youtube.com/embed/1j2sXLbzm9U"" frameborder=""0"" allow=""accelerometer; autoplay; encrypted-media; gyroscope; picture-in-picture"" allowfullscreen></iframe>",1166652,,,Episode 3,,,,,,,,,,,,,,,,,,,,,,,,,,,,,,,,,,,,,,,,,,,,,,,,,,,,,,,,,,7,2,,,,,,,,,,,,,,,,,,,,,,,,,,,,,,,,,,,,,,,,,,,,,,,,,,,,,,,,,,,,,,,,,,,,,,,,,,,,,,,,,,,,,,,,,,,,,,,,,,,,,,,,,,,,,,,,,,,,,,,,,,,,,,,episode,2016-03-03,3,,,4,44217,Vikings,Season 4
,,,,,episode_embed,"<iframe width=""560"" height=""315"" src=""https://www.youtube.com/embed/1j2sXLbzm9U"" frameborder=""0"" allow=""accelerometer; autoplay; encrypted-media; gyroscope; picture-in-picture"" allowfullscreen></iframe>",1166653,,,Yol,,,,,,,,,,,,,,,,,,,,,,,,,,,,,,,,,,,,,,,,,,,,,,,,,,,,,,,,,,3.333,3,,,,,,,,,,,,,,,,,,,,,,,,,,,,,,,,,,,,,,,,,,,,,,,,,,,,,,,,,,,,,,,,,,,,,,,,,,,,,,,,,,,,,,,,,,,,,,,,,,,,,,,,,,,,,,,,,,,,,,,,,,,,,,,episode,2016-03-10,4,King Aelle goes to Wessex for Christmas and is not impressed with how family relations are developing. Rollo's future hangs in the balance.,,4,44217,Vikings,Season 4
,,,,,episode_embed,"<iframe width=""560"" height=""315"" src=""https://www.youtube.com/embed/1j2sXLbzm9U"" frameborder=""0"" allow=""accelerometer; autoplay; encrypted-media; gyroscope; picture-in-picture"" allowfullscreen></iframe>",1166654,,,Episode 5,,,,,,,,,,,,,,,,,,,,,,,,,,,,,,,,,,,,,,,,,,,,,,,,,,,,,,,,,,9,3,,,,,,,,,,,,,,,,,,,,,,,,,,,,,,,,,,,,,,,,,,,,,,,,,,,,,,,,,,,,,,,,,,,,,,,,,,,,,,,,,,,,,,,,,,,,,,,,,,,,,,,,,,,,,,,,,,,,,,,,,,,,,,,episode,2016-03-17,5,,,4,44217,Vikings,Season 4
,,,,,episode_embed,"<iframe width=""560"" height=""315"" src=""https://www.youtube.com/embed/1j2sXLbzm9U"" frameborder=""0"" allow=""accelerometer; autoplay; encrypted-media; gyroscope; picture-in-picture"" allowfullscreen></iframe>",1166655,,,Episode 6,,,,,,,,,,,,,,,,,,,,,,,,,,,,,,,,,,,,,,,,,,,,,,,,,,,,,,,,,,6.5,4,,,,,,,,,,,,,,,,,,,,,,,,,,,,,,,,,,,,,,,,,,,,,,,,,,,,,,,,,,,,,,,,,,,,,,,,,,,,,,,,,,,,,,,,,,,,,,,,,,,,,,,,,,,,,,,,,,,,,,,,,,,,,,,episode,2016-03-24,6,,aze124,4,44217,Vikings,Season 4
,,,,,episode_embed,"<iframe width=""560"" height=""315"" src=""https://www.youtube.com/embed/1j2sXLbzm9U"" frameborder=""0"" allow=""accelerometer; autoplay; encrypted-media; gyroscope; picture-in-picture"" allowfullscreen></iframe>",1169238,,,The Profit and the Loss,,,,,,,,,,,,,,,,,,,,,,,,,,,,,,,,,,,,,,,,,,,,,,,,,,,,,,,,,,7.5,2,,,,,,,,,,,,,,,,,,,,,,,,,,,,,,,,,,,,,,,,,,,,,,,,,,,,,,,,,,,,,,,,,,,,,,,,,,,,,,,,,,,,,,,,,,,,,,,,,,,,,,,,,,,,,,,,,,,,,,,,,,,,,,,episode,2016-03-31,7,"In England, King Ecbert's true ambitions are revealed as he plots to gain the crown of Mercia while outside Paris. The Vikings attack Paris with considerable force, but will Rollo's defenses be too much for them to overcome? Meanwhile, Harbard, the mysterious wanderer, returns and causes a stir amongst the women of Kattegat.",,4,44217,Vikings,Season 4
,,,,,episode_embed,"<iframe width=""560"" height=""315"" src=""https://www.youtube.com/embed/1j2sXLbzm9U"" frameborder=""0"" allow=""accelerometer; autoplay; encrypted-media; gyroscope; picture-in-picture"" allowfullscreen></iframe>",1177783,,,Episode 8,,,,,,,,,,,,,,,,,,,,,,,,,,,,,,,,,,,,,,,,,,,,,,,,,,,,,,,,,,6.5,2,,,,,,,,,,,,,,,,,,,,,,,,,,,,,,,,,,,,,,,,,,,,,,,,,,,,,,,,,,,,,,,,,,,,,,,,,,,,,,,,,,,,,,,,,,,,,,,,,,,,,,,,,,,,,,,,,,,,,,,,,,,,,,,episode,2016-04-07,8,,,4,44217,Vikings,Season 4
,,,,,episode_embed,"<iframe width=""560"" height=""315"" src=""https://www.youtube.com/embed/1j2sXLbzm9U"" frameborder=""0"" allow=""accelerometer; autoplay; encrypted-media; gyroscope; picture-in-picture"" allowfullscreen></iframe>",1177784,,,Episode 9,,,,,,,,,,,,,,,,,,,,,,,,,,,,,,,,,,,,,,,,,,,,,,,,,,,,,,,,,,8,1,,,,,,,,,,,,,,,,,,,,,,,,,,,,,,,,,,,,,,,,,,,,,,,,,,,,,,,,,,,,,,,,,,,,,,,,,,,,,,,,,,,,,,,,,,,,,,,,,,,,,,,,,,,,,,,,,,,,,,,,,,,,,,,episode,2016-04-14,9,,,4,44217,Vikings,Season 4
,,,,,episode_embed,"<iframe width=""560"" height=""315"" src=""https://www.youtube.com/embed/1j2sXLbzm9U"" frameborder=""0"" allow=""accelerometer; autoplay; encrypted-media; gyroscope; picture-in-picture"" allowfullscreen></iframe>",1177785,,,Episode 10,,,,,,,,,,,,,,,,,,,,,,,,,,,,,,,,,,,,,,,,,,,,,,,,,,,,,,,,,,6.5,4,,,,,,,,,,,,,,,,,,,,,,,,,,,,,,,,,,,,,,,,,,,,,,,,,,,,,,,,,,,,,,,,,,,,,,,,,,,,,,,,,,,,,,,,,,,,,,,,,,,,,,,,,,,,,,,,,,,,,,,,,,,,,,,episode,2016-04-21,10,,,4,44217,Vikings,Season 4
,,,,,episode_embed,"<iframe width=""560"" height=""315"" src=""https://www.youtube.com/embed/1j2sXLbzm9U"" frameborder=""0"" allow=""accelerometer; autoplay; encrypted-media; gyroscope; picture-in-picture"" allowfullscreen></iframe>",1216032,,,Episode 11,,,,,,,,,,,,,,,,,,,,,,,,,,,,,,,,,,,,,,,,,,,,,,,,,,,,,,,,,,7.9,10,,,,,,,,,,,,,,,,,,,,,,,,,,,,,,,,,,,,,,,,,,,,,,,,,,,,,,,,,,,,,,,,,,,,,,,,,,,,,,,,,,,,,,,,,,,,,,,,,,,,,,,,,,,,,,,,,,,,,,,,,,,,,,,episode,2016-11-30,11,,,4,44217,Vikings,Season 4
,,,,,episode_embed,"<iframe width=""560"" height=""315"" src=""https://www.youtube.com/embed/1j2sXLbzm9U"" frameborder=""0"" allow=""accelerometer; autoplay; encrypted-media; gyroscope; picture-in-picture"" allowfullscreen></iframe>",1216033,,,The Vision,,,,,,,,,,,,,,,,,,,,,,,,,,,,,,,,,,,,,,,,,,,,,,,,,,,,,,,,,,8.5,2,,,,,,,,,,,,,,,,,,,,,,,,,,,,,,,,,,,,,,,,,,,,,,,,,,,,,,,,,,,,,,,,,,,,,,,,,,,,,,,,,,,,,,,,,,,,,,,,,,,,,,,,,,,,,,,,,,,,,,,,,,,,,,,episode,2016-12-07,12,"The Kattegat locals chide Ragnar that the gods have deserted him as he struggles to crew his voyage to Wessex. It's Bjorn who has charisma now as he prepares to fulfill his long-held dream to explore the Mediterranean in a sleek new boat built for him by Floki. By contrast, Ragnar must accept weathered boats and a crew he has bribed but when Aslaug foresees that the fleet will be lost in a vicious storm her warnings go un-heeded by Ragnar and her precious son, Ivar.",,4,44217,Vikings,Season 4
,,,,,episode_embed,"<iframe width=""560"" height=""315"" src=""https://www.youtube.com/embed/1j2sXLbzm9U"" frameborder=""0"" allow=""accelerometer; autoplay; encrypted-media; gyroscope; picture-in-picture"" allowfullscreen></iframe>",1235443,,,Two Journeys,,,,,,,,,,,,,,,,,,,,,,,,,,,,,,,,,,,,,,,,,,,,,,,,,,,,,,,,,,8.75,2,,,,,,,,,,,,,,,,,,,,,,,,,,,,,,,,,,,,,,,,,,,,,,,,,,,,,,,,,,,,,,,,,,,,,,,,,,,,,,,,,,,,,,,,,,,,,,,,,,,,,,,,,,,,,,,,,,,,,,,,,,,,,,,episode,2016-12-14,13,"Ragnar's fleet is shipwrecked and washes up on the Wessex coast, but without enough survivors to form a credible force, Ragnar and Ivar have a difficult decision to make. Rollo meets his Viking comrades again and can't resist the urge to join Bjorn's voyage, risking his marriage and his new Frankish identity. Ragnar too is taking a risk as he carries Ivar towards the Royal Villa in Wessex – throwing himself and his son upon the mercy of King Ecbert.",413,4,44217,Vikings,Season 4
,,,,,episode_embed,"<iframe width=""560"" height=""315"" src=""https://www.youtube.com/embed/1j2sXLbzm9U"" frameborder=""0"" allow=""accelerometer; autoplay; encrypted-media; gyroscope; picture-in-picture"" allowfullscreen></iframe>",1243300,,,In the Uncertain Hour Before the Morning,,,,,,,,,,,,,,,,,,,,,,,,,,,,,,,,,,,,,,,,,,,,,,,,,,,,,,,,,,5.818,11,,,,,,,,,,,,,,,,,,,,,,,,,,,,,,,,,,,,,,,,,,,,,,,,,,,,,,,,,,,,,,,,,,,,,,,,,,,,,,,,,,,,,,,,,,,,,,,,,,,,,,,,,,,,,,,,,,,,,,,,,,,,,,,episode,2016-12-21,14,Lagertha attempts to fulfill a long-held ambition. Ragnar negotiates an unexpected concession from King Ecbert.,414,4,44217,Vikings,Season 4
,,,,,episode_embed,"<iframe width=""560"" height=""315"" src=""https://www.youtube.com/embed/1j2sXLbzm9U"" frameborder=""0"" allow=""accelerometer; autoplay; encrypted-media; gyroscope; picture-in-picture"" allowfullscreen></iframe>",1243301,,,All His Angels,,,,,,,,,,,,,,,,,,,,,,,,,,,,,,,,,,,,,,,,,,,,,,,,,,,,,,,,,,8.95,10,,,,,,,,,,,,,,,,,,,,,,,,,,,,,,,,,,,,,,,,,,,,,,,,,,,,,,,,,,,,,,,,,,,,,,,,,,,,,,,,,,,,,,,,,,,,,,,,,,,,,,,,,,,,,,,,,,,,,,,,,,,,,,,episode,2016-12-28,15,Ragnar and Ivar plot against the Saxons and reach a new level of understanding.,415,4,44217,Vikings,Season 4
,,,,,episode_embed,"<iframe width=""560"" height=""315"" src=""https://www.youtube.com/embed/1j2sXLbzm9U"" frameborder=""0"" allow=""accelerometer; autoplay; encrypted-media; gyroscope; picture-in-picture"" allowfullscreen></iframe>",1248645,,,Crossings,,,,,,,,,,,,,,,,,,,,,,,,,,,,,,,,,,,,,,,,,,,,,,,,,,,,,,,,,,8.367,15,,,,,,,,,,,,,,,,,,,,,,,,,,,,,,,,,,,,,,,,,,,,,,,,,,,,,,,,,,,,,,,,,,,,,,,,,,,,,,,,,,,,,,,,,,,,,,,,,,,,,,,,,,,,,,,,,,,,,,,,,,,,,,,episode,2017-01-04,16,"Bjorn's fleet sails onward and launches a surprise attack. Back in Kattegat, Lagertha continues in her quest for power.",416,4,44217,Vikings,Season 4
,,,,,episode_embed,"<iframe width=""560"" height=""315"" src=""https://www.youtube.com/embed/1j2sXLbzm9U"" frameborder=""0"" allow=""accelerometer; autoplay; encrypted-media; gyroscope; picture-in-picture"" allowfullscreen></iframe>",1248805,,,The Great Army,,,,,,,,,,,,,,,,,,,,,,,,,,,,,,,,,,,,,,,,,,,,,,,,,,,,,,,,,,6.941,17,,,,,,,,,,,,,,,,,,,,,,,,,,,,,,,,,,,,,,,,,,,,,,,,,,,,,,,,,,,,,,,,,,,,,,,,,,,,,,,,,,,,,,,,,,,,,,,,,,,,,,,,,,,,,,,,,,,,,,,,,,,,,,,episode,2017-01-11,17,"The Viking army begins to gather in Kattegat. Lagertha must remain vigilant in the absence of her son, Bjorn.",417,4,44217,Vikings,Season 4
,,,,,episode_embed,"<iframe width=""560"" height=""315"" src=""https://www.youtube.com/embed/1j2sXLbzm9U"" frameborder=""0"" allow=""accelerometer; autoplay; encrypted-media; gyroscope; picture-in-picture"" allowfullscreen></iframe>",1248806,,,Revenge,,,,,,,,,,,,,,,,,,,,,,,,,,,,,,,,,,,,,,,,,,,,,,,,,,,,,,,,,,7.625,8,,,,,,,,,,,,,,,,,,,,,,,,,,,,,,,,,,,,,,,,,,,,,,,,,,,,,,,,,,,,,,,,,,,,,,,,,,,,,,,,,,,,,,,,,,,,,,,,,,,,,,,,,,,,,,,,,,,,,,,,,,,,,,,episode,2017-01-18,18,Ragnar's plan comes to fruition. The Viking army lands on the coast of Northumbria.,418,4,44217,Vikings,Season 4
,,,,,episode_embed,"<iframe width=""560"" height=""315"" src=""https://www.youtube.com/embed/1j2sXLbzm9U"" frameborder=""0"" allow=""accelerometer; autoplay; encrypted-media; gyroscope; picture-in-picture"" allowfullscreen></iframe>",1248807,,,On the Eve,,,,,,,,,,,,,,,,,,,,,,,,,,,,,,,,,,,,,,,,,,,,,,,,,,,,,,,,,,9.4,5,,,,,,,,,,,,,,,,,,,,,,,,,,,,,,,,,,,,,,,,,,,,,,,,,,,,,,,,,,,,,,,,,,,,,,,,,,,,,,,,,,,,,,,,,,,,,,,,,,,,,,,,,,,,,,,,,,,,,,,,,,,,,,,episode,2017-01-25,19,The Viking army causes panic in the English countryside as King Ecbert and Aethelwulf plan the defense of the realm.,419,4,44217,Vikings,Season 4
,,,,,episode_embed,"<iframe width=""560"" height=""315"" src=""https://www.youtube.com/embed/1j2sXLbzm9U"" frameborder=""0"" allow=""accelerometer; autoplay; encrypted-media; gyroscope; picture-in-picture"" allowfullscreen></iframe>",1248808,,,The Reckoning,,,,,,,,,,,,,,,,,,,,,,,,,,,,,,,,,,,,,,,,,,,,,,,,,,,,,,,,,,9.25,4,,,,,,,,,,,,,,,,,,,,,,,,,,,,,,,,,,,,,,,,,,,,,,,,,,,,,,,,,,,,,,,,,,,,,,,,,,,,,,,,,,,,,,,,,,,,,,,,,,,,,,,,,,,,,,,,,,,,,,,,,,,,,,,episode,2017-02-01,20,Prince Aethelwulf finds himself subject to the Vikings' battle master plan. Ecbert remains behind with a plan of his own.,420,4,44217,Vikings,Season 4
,,,,,episode_embed,"<iframe width=""560"" height=""315"" src=""https://www.youtube.com/embed/1j2sXLbzm9U"" frameborder=""0"" allow=""accelerometer; autoplay; encrypted-media; gyroscope; picture-in-picture"" allowfullscreen></iframe>",1396196,,,The Departed Part One,,,,,,,,,,,,,,,,,,,,,,,,,,,,,,,,,,,,,,,,,,,,,,,,,,,,,,,,,,7.25,4,,,,,,,,,,,,,,,,,,,,,,,,,,,,,,,,,,,,,,,,,,,,,,,,,,,,,,,,,,,,,,,,,,,,,,,,,,,,,,,,,,,,,,,,,,,,,,,,,,,,,,,,,,,,,,,,,,,,,,,,,,,,,,,episode,2017-11-29,1,"Tensions mount between the sons of Ragnar Lothbrok as the Vikings continue to threaten the very heart of England. As the Great Army moves to take York, with King Aethelwulf and his family still in hiding, Heahmund—the warrior bishop—must rally the Saxons to defend the Realm.",,5,44217,Vikings,Season 5
,,,,,episode_embed,"<iframe width=""560"" height=""315"" src=""https://www.youtube.com/embed/1j2sXLbzm9U"" frameborder=""0"" allow=""accelerometer; autoplay; encrypted-media; gyroscope; picture-in-picture"" allowfullscreen></iframe>",1340856,,,Episode 2,,,,,,,,,,,,,,,,,,,,,,,,,,,,,,,,,,,,,,,,,,,,,,,,,,,,,,,,,,8.4,5,,,,,,,,,,,,,,,,,,,,,,,,,,,,,,,,,,,,,,,,,,,,,,,,,,,,,,,,,,,,,,,,,,,,,,,,,,,,,,,,,,,,,,,,,,,,,,,,,,,,,,,,,,,,,,,,,,,,,,,,,,,,,,,episode,2017-11-29,2,,,5,44217,Vikings,Season 5
,,,,,episode_embed,"<iframe width=""560"" height=""315"" src=""https://www.youtube.com/embed/1j2sXLbzm9U"" frameborder=""0"" allow=""accelerometer; autoplay; encrypted-media; gyroscope; picture-in-picture"" allowfullscreen></iframe>",1396195,,,Episode 3,,,,,,,,,,,,,,,,,,,,,,,,,,,,,,,,,,,,,,,,,,,,,,,,,,,,,,,,,,10,1,,,,,,,,,,,,,,,,,,,,,,,,,,,,,,,,,,,,,,,,,,,,,,,,,,,,,,,,,,,,,,,,,,,,,,,,,,,,,,,,,,,,,,,,,,,,,,,,,,,,,,,,,,,,,,,,,,,,,,,,,,,,,,,episode,2017-12-06,3,,,5,44217,Vikings,Season 5
,,,,,episode_embed,"<iframe width=""560"" height=""315"" src=""https://www.youtube.com/embed/1j2sXLbzm9U"" frameborder=""0"" allow=""accelerometer; autoplay; encrypted-media; gyroscope; picture-in-picture"" allowfullscreen></iframe>",1396197,,,The Plan,,,,,,,,,,,,,,,,,,,,,,,,,,,,,,,,,,,,,,,,,,,,,,,,,,,,,,,,,,3,2,,,,,,,,,,,,,,,,,,,,,,,,,,,,,,,,,,,,,,,,,,,,,,,,,,,,,,,,,,,,,,,,,,,,,,,,,,,,,,,,,,,,,,,,,,,,,,,,,,,,,,,,,,,,,,,,,,,,,,,,,,,,,,,episode,2017-12-13,4,"Guided by Heahmund's visions, the Saxons devise a battle plan. Ivar the Boneless strategises as the Vikings undergo increasing pressure. Bjorn Ironside finds himself in a new territory and must convince the local commander he is a trader.",,5,44217,Vikings,Season 5
,,,,,episode_embed,"<iframe width=""560"" height=""315"" src=""https://www.youtube.com/embed/1j2sXLbzm9U"" frameborder=""0"" allow=""accelerometer; autoplay; encrypted-media; gyroscope; picture-in-picture"" allowfullscreen></iframe>",1396198,,,Episode 5,,,,,,,,,,,,,,,,,,,,,,,,,,,,,,,,,,,,,,,,,,,,,,,,,,,,,,,,,,0,0,,,,,,,,,,,,,,,,,,,,,,,,,,,,,,,,,,,,,,,,,,,,,,,,,,,,,,,,,,,,,,,,,,,,,,,,,,,,,,,,,,,,,,,,,,,,,,,,,,,,,,,,,,,,,,,,,,,,,,,,,,,,,,,episode,2017-12-20,5,,,5,44217,Vikings,Season 5
,,,,,episode_embed,"<iframe width=""560"" height=""315"" src=""https://www.youtube.com/embed/1j2sXLbzm9U"" frameborder=""0"" allow=""accelerometer; autoplay; encrypted-media; gyroscope; picture-in-picture"" allowfullscreen></iframe>",1405442,,,The Message,,,,,,,,,,,,,,,,,,,,,,,,,,,,,,,,,,,,,,,,,,,,,,,,,,,,,,,,,,0,0,,,,,,,,,,,,,,,,,,,,,,,,,,,,,,,,,,,,,,,,,,,,,,,,,,,,,,,,,,,,,,,,,,,,,,,,,,,,,,,,,,,,,,,,,,,,,,,,,,,,,,,,,,,,,,,,,,,,,,,,,,,,,,,episode,2017-12-27,6,"Lagertha is betrayed, and Bjorn must find a way to support the distraught queen. Floki and his settlers arrive in a new land, but it is far from what they expected.",,5,44217,Vikings,Season 5
,,,,,episode_embed,"<iframe width=""560"" height=""315"" src=""https://www.youtube.com/embed/1j2sXLbzm9U"" frameborder=""0"" allow=""accelerometer; autoplay; encrypted-media; gyroscope; picture-in-picture"" allowfullscreen></iframe>",1405443,,,Full Moon,,,,,,,,,,,,,,,,,,,,,,,,,,,,,,,,,,,,,,,,,,,,,,,,,,,,,,,,,,10,1,,,,,,,,,,,,,,,,,,,,,,,,,,,,,,,,,,,,,,,,,,,,,,,,,,,,,,,,,,,,,,,,,,,,,,,,,,,,,,,,,,,,,,,,,,,,,,,,,,,,,,,,,,,,,,,,,,,,,,,,,,,,,,,episode,2018-01-03,7,Bjorn returns to Kattegat to learn that an attack will take place during the next full moon. Ivar must decide if he can place his trust in a former enemy on the battlefield.,,5,44217,Vikings,Season 5
,,,,,episode_embed,"<iframe width=""560"" height=""315"" src=""https://www.youtube.com/embed/1j2sXLbzm9U"" frameborder=""0"" allow=""accelerometer; autoplay; encrypted-media; gyroscope; picture-in-picture"" allowfullscreen></iframe>",1405444,,,The Joke,,,,,,,,,,,,,,,,,,,,,,,,,,,,,,,,,,,,,,,,,,,,,,,,,,,,,,,,,,6,1,,,,,,,,,,,,,,,,,,,,,,,,,,,,,,,,,,,,,,,,,,,,,,,,,,,,,,,,,,,,,,,,,,,,,,,,,,,,,,,,,,,,,,,,,,,,,,,,,,,,,,,,,,,,,,,,,,,,,,,,,,,,,,,episode,2018-01-10,8,"The battle for Kattegat begins and, as the two armies line up to fight, the Great Heathen Army must decide between a final plea for peace or all-out war. Floki faces discord among the settlers.",,5,44217,Vikings,Season 5
,,,,,episode_embed,"<iframe width=""560"" height=""315"" src=""https://www.youtube.com/embed/1j2sXLbzm9U"" frameborder=""0"" allow=""accelerometer; autoplay; encrypted-media; gyroscope; picture-in-picture"" allowfullscreen></iframe>",1405445,,,A Simple Story,,,,,,,,,,,,,,,,,,,,,,,,,,,,,,,,,,,,,,,,,,,,,,,,,,,,,,,,,,6,1,,,,,,,,,,,,,,,,,,,,,,,,,,,,,,,,,,,,,,,,,,,,,,,,,,,,,,,,,,,,,,,,,,,,,,,,,,,,,,,,,,,,,,,,,,,,,,,,,,,,,,,,,,,,,,,,,,,,,,,,,,,,,,,episode,2018-01-17,9,"The army leaders consider their options in the aftermath of the battle. In Floki's camp, all hopes of binding the community together are dashed as tragedy unfolds.",,5,44217,Vikings,Season 5
,,,,,episode_embed,"<iframe width=""560"" height=""315"" src=""https://www.youtube.com/embed/1j2sXLbzm9U"" frameborder=""0"" allow=""accelerometer; autoplay; encrypted-media; gyroscope; picture-in-picture"" allowfullscreen></iframe>",1405446,,,Moments of Vision,,,,,,,,,,,,,,,,,,,,,,,,,,,,,,,,,,,,,,,,,,,,,,,,,,,,,,,,,,6,3,,,,,,,,,,,,,,,,,,,,,,,,,,,,,,,,,,,,,,,,,,,,,,,,,,,,,,,,,,,,,,,,,,,,,,,,,,,,,,,,,,,,,,,,,,,,,,,,,,,,,,,,,,,,,,,,,,,,,,,,,,,,,,,episode,2018-01-24,10,A sense of doom looms over Kattegat as bloodshed ensues. The defeated army flees in the face of the victors. A legendary warrior makes his way home.,,5,44217,Vikings,Season 5
,,,,,episode_embed,"<iframe width=""560"" height=""315"" src=""https://www.youtube.com/embed/1j2sXLbzm9U"" frameborder=""0"" allow=""accelerometer; autoplay; encrypted-media; gyroscope; picture-in-picture"" allowfullscreen></iframe>",1535094,,,The Revelation,,,,,,,,,,,,,,,,,,,,,,,,,,,,,,,,,,,,,,,,,,,,,,,,,,,,,,,,,,7.5,2,,,,,,,,,,,,,,,,,,,,,,,,,,,,,,,,,,,,,,,,,,,,,,,,,,,,,,,,,,,,,,,,,,,,,,,,,,,,,,,,,,,,,,,,,,,,,,,,,,,,,,,,,,,,,,,,,,,,,,,,,,,,,,,episode,2018-11-28,11,"Ivar is crowned the new king of Kattegat just in time to welcome Rollo home. Bjorn, Lagertha and Ubbe must rely on unsteady alliances to survive.",,5,44217,Vikings,Season 5
,,,,,episode_embed,"<iframe width=""560"" height=""315"" src=""https://www.youtube.com/embed/1j2sXLbzm9U"" frameborder=""0"" allow=""accelerometer; autoplay; encrypted-media; gyroscope; picture-in-picture"" allowfullscreen></iframe>",1628200,,,Murder Most Foul,,,,,,,,,,,,,,,,,,,,,,,,,,,,,,,,,,,,,,,,,,,,,,,,,,,,,,,,,,7.5,2,,,,,,,,,,,,,,,,,,,,,,,,,,,,,,,,,,,,,,,,,,,,,,,,,,,,,,,,,,,,,,,,,,,,,,,,,,,,,,,,,,,,,,,,,,,,,,,,,,,,,,,,,,,,,,,,,,,,,,,,,,,,,,,episode,2018-12-05,12,"Bjorn, Lagertha and Ubbe face an uncertain fate as Heahmund's loyalty is tested. Floki fights to understand the will of the gods. Ivar may have met his match.",,5,44217,Vikings,Season 5
,,,,,episode_embed,"<iframe width=""560"" height=""315"" src=""https://www.youtube.com/embed/1j2sXLbzm9U"" frameborder=""0"" allow=""accelerometer; autoplay; encrypted-media; gyroscope; picture-in-picture"" allowfullscreen></iframe>",1628201,,,A New God,,,,,,,,,,,,,,,,,,,,,,,,,,,,,,,,,,,,,,,,,,,,,,,,,,,,,,,,,,3.5,2,,,,,,,,,,,,,,,,,,,,,,,,,,,,,,,,,,,,,,,,,,,,,,,,,,,,,,,,,,,,,,,,,,,,,,,,,,,,,,,,,,,,,,,,,,,,,,,,,,,,,,,,,,,,,,,,,,,,,,,,,,,,,,,episode,2018-12-12,13,Heahmund must try to convince King Alfred that his actions are in defense of the Crown. Ubbe and Torvi strengthen the position of the Vikings but not all in the Viking camp support their strategy. Another settler disappears in Iceland.,,5,44217,Vikings,Season 5
,,,,,episode_embed,"<iframe width=""560"" height=""315"" src=""https://www.youtube.com/embed/1j2sXLbzm9U"" frameborder=""0"" allow=""accelerometer; autoplay; encrypted-media; gyroscope; picture-in-picture"" allowfullscreen></iframe>",1628202,,,The Lost Moment,,,,,,,,,,,,,,,,,,,,,,,,,,,,,,,,,,,,,,,,,,,,,,,,,,,,,,,,,,6,1,,,,,,,,,,,,,,,,,,,,,,,,,,,,,,,,,,,,,,,,,,,,,,,,,,,,,,,,,,,,,,,,,,,,,,,,,,,,,,,,,,,,,,,,,,,,,,,,,,,,,,,,,,,,,,,,,,,,,,,,,,,,,,,episode,2018-12-19,14,"As the celebrations for Ivar continue in Kattegat, grief hits Iceland and Floki must now make a fated decision. Harald's army approaches Wessex. A conspiracy grows against King Alfred.",,5,44217,Vikings,Season 5
,,,,,episode_embed,"<iframe width=""560"" height=""315"" src=""https://www.youtube.com/embed/1j2sXLbzm9U"" frameborder=""0"" allow=""accelerometer; autoplay; encrypted-media; gyroscope; picture-in-picture"" allowfullscreen></iframe>",1628203,,,Hell,,,,,,,,,,,,,,,,,,,,,,,,,,,,,,,,,,,,,,,,,,,,,,,,,,,,,,,,,,8,1,,,,,,,,,,,,,,,,,,,,,,,,,,,,,,,,,,,,,,,,,,,,,,,,,,,,,,,,,,,,,,,,,,,,,,,,,,,,,,,,,,,,,,,,,,,,,,,,,,,,,,,,,,,,,,,,,,,,,,,,,,,,,,,episode,2018-12-26,15,Bishop Heahmund is wracked with guilt as he fights to renounce his passions. Viking will clash with Saxon on the battlefield leaving a key figure lost in the balance.,,5,44217,Vikings,Season 5
,,,,,episode_embed,"<iframe width=""560"" height=""315"" src=""https://www.youtube.com/embed/1j2sXLbzm9U"" frameborder=""0"" allow=""accelerometer; autoplay; encrypted-media; gyroscope; picture-in-picture"" allowfullscreen></iframe>",1648402,,,The Buddha,,,,,,,,,,,,,,,,,,,,,,,,,,,,,,,,,,,,,,,,,,,,,,,,,,,,,,,,,,10,1,,,,,,,,,,,,,,,,,,,,,,,,,,,,,,,,,,,,,,,,,,,,,,,,,,,,,,,,,,,,,,,,,,,,,,,,,,,,,,,,,,,,,,,,,,,,,,,,,,,,,,,,,,,,,,,,,,,,,,,,,,,,,,,episode,2019-01-02,16,"Bjorn achieves one of Ragnar's dreams. Ivar hatches a new plan while preparing for a divine arrival. In Iceland, a settler returns in a terrible state. King Alfred faces his greatest threat yet.",,5,44217,Vikings,Season 5
,,,,,episode_embed,"<iframe width=""560"" height=""315"" src=""https://www.youtube.com/embed/1j2sXLbzm9U"" frameborder=""0"" allow=""accelerometer; autoplay; encrypted-media; gyroscope; picture-in-picture"" allowfullscreen></iframe>",1651820,,,The Most Terrible Thing,,,,,,,,,,,,,,,,,,,,,,,,,,,,,,,,,,,,,,,,,,,,,,,,,,,,,,,,,,10,1,,,,,,,,,,,,,,,,,,,,,,,,,,,,,,,,,,,,,,,,,,,,,,,,,,,,,,,,,,,,,,,,,,,,,,,,,,,,,,,,,,,,,,,,,,,,,,,,,,,,,,,,,,,,,,,,,,,,,,,,,,,,,,,episode,2019-01-09,17,"An unexpected turn amongst the settlers leaves Floki powerless. King Alfred confronts Judith. In York, Bjorn must strike a deal with Harald. Wessex is once again threatened by a Viking force, but who will lead the Saxon army to defend the Realm?",,5,44217,Vikings,Season 5
,,,,,episode_embed,"<iframe width=""560"" height=""315"" src=""https://www.youtube.com/embed/1j2sXLbzm9U"" frameborder=""0"" allow=""accelerometer; autoplay; encrypted-media; gyroscope; picture-in-picture"" allowfullscreen></iframe>",1651824,,,Episode 18,,,,,,,,,,,,,,,,,,,,,,,,,,,,,,,,,,,,,,,,,,,,,,,,,,,,,,,,,,8,1,,,,,,,,,,,,,,,,,,,,,,,,,,,,,,,,,,,,,,,,,,,,,,,,,,,,,,,,,,,,,,,,,,,,,,,,,,,,,,,,,,,,,,,,,,,,,,,,,,,,,,,,,,,,,,,,,,,,,,,,,,,,,,,episode,2019-01-16,18,,,5,44217,Vikings,Season 5
,,,,,episode_embed,"<iframe width=""560"" height=""315"" src=""https://www.youtube.com/embed/1j2sXLbzm9U"" frameborder=""0"" allow=""accelerometer; autoplay; encrypted-media; gyroscope; picture-in-picture"" allowfullscreen></iframe>",1651825,,,Episode 19,,,,,,,,,,,,,,,,,,,,,,,,,,,,,,,,,,,,,,,,,,,,,,,,,,,,,,,,,,8,1,,,,,,,,,,,,,,,,,,,,,,,,,,,,,,,,,,,,,,,,,,,,,,,,,,,,,,,,,,,,,,,,,,,,,,,,,,,,,,,,,,,,,,,,,,,,,,,,,,,,,,,,,,,,,,,,,,,,,,,,,,,,,,,episode,2019-01-23,19,,,5,44217,Vikings,Season 5
,,,,,episode_embed,"<iframe width=""560"" height=""315"" src=""https://www.youtube.com/embed/1j2sXLbzm9U"" frameborder=""0"" allow=""accelerometer; autoplay; encrypted-media; gyroscope; picture-in-picture"" allowfullscreen></iframe>",1651826,,,Episode 20,,,,,,,,,,,,,,,,,,,,,,,,,,,,,,,,,,,,,,,,,,,,,,,,,,,,,,,,,,0,0,,,,,,,,,,,,,,,,,,,,,,,,,,,,,,,,,,,,,,,,,,,,,,,,,,,,,,,,,,,,,,,,,,,,,,,,,,,,,,,,,,,,,,,,,,,,,,,,,,,,,,,,,,,,,,,,,,,,,,,,,,,,,,,episode,2019-01-30,20,,,5,44217,Vikings,Season 5